"Year","Scenario","age_group","Total_Population","Percentage"
0,"AI_BrainMorphometry_All_Areas","65 to 69",63192.136181995,22.4141688900721
0,"AI_BrainMorphometry_All_Areas","70-74",73568.5383116111,26.0946652913124
0,"AI_BrainMorphometry_All_Areas","75-79",62939.7725909632,22.3246558510635
0,"AI_BrainMorphometry_All_Areas","80-84",41687.62107484,14.7865452230593
0,"AI_BrainMorphometry_All_Areas","85+",40541.3510928241,14.3799647444927
0,"Standard_Care_All_Areas","65 to 69",63192.136181995,22.4141688900721
0,"Standard_Care_All_Areas","70-74",73568.5383116111,26.0946652913124
0,"Standard_Care_All_Areas","75-79",62939.7725909631,22.3246558510635
0,"Standard_Care_All_Areas","80-84",41687.62107484,14.7865452230593
0,"Standard_Care_All_Areas","85+",40541.3510928241,14.3799647444927
1,"AI_BrainMorphometry_All_Areas","65 to 69",68933.3520126903,24.2230746594806
1,"AI_BrainMorphometry_All_Areas","70-74",69435.2511512535,24.3994412505424
1,"AI_BrainMorphometry_All_Areas","75-79",62455.9232376792,21.946916076772
1,"AI_BrainMorphometry_All_Areas","80-84",43063.9957792481,15.1326223727557
1,"AI_BrainMorphometry_All_Areas","85+",40688.695954031,14.2979456404492
1,"Standard_Care_All_Areas","65 to 69",68933.3405667799,24.2230707214982
1,"Standard_Care_All_Areas","70-74",69435.2513732517,24.3994414132576
1,"Standard_Care_All_Areas","75-79",62455.9233770416,21.9469162019348
1,"Standard_Care_All_Areas","80-84",43063.9960305667,15.1326225136033
1,"Standard_Care_All_Areas","85+",40688.7057993215,14.2979491497062
2,"AI_BrainMorphometry_All_Areas","65 to 69",73591.3104708243,25.6171700395636
2,"AI_BrainMorphometry_All_Areas","70-74",67304.4307398426,23.4287042267324
2,"AI_BrainMorphometry_All_Areas","75-79",61230.9772308345,21.3145321828832
2,"AI_BrainMorphometry_All_Areas","80-84",43952.2112380609,15.2997855547987
2,"AI_BrainMorphometry_All_Areas","85+",41194.4512488098,14.3398079960221
2,"Standard_Care_All_Areas","65 to 69",73591.2821252616,25.6171603788682
2,"Standard_Care_All_Areas","70-74",67304.4288136382,23.4287037449948
2,"Standard_Care_All_Areas","75-79",61230.9776221512,21.314532490841
2,"Standard_Care_All_Areas","80-84",43952.2121850781,15.2997860077327
2,"Standard_Care_All_Areas","85+",41194.4778675589,14.3398173775633
3,"AI_BrainMorphometry_All_Areas","65 to 69",77409.2725602156,26.6936650716283
3,"AI_BrainMorphometry_All_Areas","70-74",66525.9110220246,22.9406675540774
3,"AI_BrainMorphometry_All_Areas","75-79",59829.3219571502,20.631428625614
3,"AI_BrainMorphometry_All_Areas","80-84",44336.6906920007,15.2889793764179
3,"AI_BrainMorphometry_All_Areas","85+",41889.9771518811,14.4452593722625
3,"Standard_Care_All_Areas","65 to 69",77409.2160788498,26.6936459721741
3,"Standard_Care_All_Areas","70-74",66525.9044359804,22.9406656073597
3,"Standard_Care_All_Areas","75-79",59829.3223622586,20.6314290570573
3,"Standard_Care_All_Areas","80-84",44336.6929585632,15.2889803742146
3,"Standard_Care_All_Areas","85+",41890.0334468903,14.4452789891944
4,"AI_BrainMorphometry_All_Areas","65 to 69",80517.8648983721,27.5072670687671
4,"AI_BrainMorphometry_All_Areas","70-74",66641.2727354643,22.7666156976553
4,"AI_BrainMorphometry_All_Areas","75-79",58563.053637958,20.0068588358012
4,"AI_BrainMorphometry_All_Areas","80-84",44319.4391621361,15.1408218649313
4,"AI_BrainMorphometry_All_Areas","85+",42673.2535895549,14.5784365328451
4,"Standard_Care_All_Areas","65 to 69",80517.7645873338,27.5072333887145
4,"Standard_Care_All_Areas","70-74",66641.2573717266,22.7666109365614
4,"Standard_Care_All_Areas","75-79",58563.0535585706,20.0068592371825
4,"Standard_Care_All_Areas","80-84",44319.4436951553,15.1408237378265
4,"Standard_Care_All_Areas","85+",42673.3585413983,14.5784726997151
5,"AI_BrainMorphometry_All_Areas","65 to 69",83072.4405815236,28.117577854952
5,"AI_BrainMorphometry_All_Areas","70-74",67318.2107761138,22.7852344207453
5,"AI_BrainMorphometry_All_Areas","75-79",57582.9683524305,19.4901411880369
5,"AI_BrainMorphometry_All_Areas","80-84",44035.7508869456,14.9048065194361
5,"AI_BrainMorphometry_All_Areas","85+",43437.274949993,14.7022400168297
5,"Standard_Care_All_Areas","65 to 69",83072.2792840403,28.1175240506898
5,"Standard_Care_All_Areas","70-74",67318.1803050693,22.7852247475302
5,"Standard_Care_All_Areas","75-79",57582.9672639212,19.4901413673435
5,"Standard_Care_All_Areas","80-84",44035.7585506991,14.9048095322639
5,"Standard_Care_All_Areas","85+",43437.4518402857,14.7023003021726
6,"AI_BrainMorphometry_All_Areas","65 to 69",85213.8985391997,28.5766201211729
6,"AI_BrainMorphometry_All_Areas","70-74",68327.1244807072,22.9136128463722
6,"AI_BrainMorphometry_All_Areas","75-79",56938.6129451135,19.0944568932087
6,"AI_BrainMorphometry_All_Areas","80-84",43613.9199053483,14.625999308752
6,"AI_BrainMorphometry_All_Areas","85+",44100.9058184828,14.7893108304941
6,"Standard_Care_All_Areas","65 to 69",85213.7017742617,28.5765546198859
6,"Standard_Care_All_Areas","70-74",68327.0705346198,22.9135951436758
6,"Standard_Care_All_Areas","75-79",56938.609158134,19.0944559467455
6,"Standard_Care_All_Areas","80-84",43613.9324943606,14.626003778298
6,"Standard_Care_All_Areas","85+",44101.1426753348,14.7893905113947
7,"AI_BrainMorphometry_All_Areas","65 to 69",87047.6319174115,28.9228032390385
7,"AI_BrainMorphometry_All_Areas","70-74",69515.8191133555,23.0976112035278
7,"AI_BrainMorphometry_All_Areas","75-79",56621.4441290748,18.8132732801876
7,"AI_BrainMorphometry_All_Areas","80-84",43157.8331058714,14.339798655622
7,"AI_BrainMorphometry_All_Areas","85+",44622.676774692,14.8265136216241
7,"Standard_Care_All_Areas","65 to 69",87047.4038238785,28.9227273005585
7,"Standard_Care_All_Areas","70-74",69515.7398573681,23.0975847488709
7,"Standard_Care_All_Areas","75-79",56621.433959737,18.8132698029395
7,"Standard_Care_All_Areas","80-84",43157.8490635959,14.3398038828429
7,"Standard_Care_All_Areas","85+",44622.9799090545,14.8266142647881
8,"AI_BrainMorphometry_All_Areas","65 to 69",88645.6114155504,29.1824245111315
8,"AI_BrainMorphometry_All_Areas","70-74",70785.7954960473,23.302914837377
8,"AI_BrainMorphometry_All_Areas","75-79",56593.6703224301,18.6308209241192
8,"AI_BrainMorphometry_All_Areas","80-84",42742.3175403269,14.0709103940208
8,"AI_BrainMorphometry_All_Areas","85+",44996.3016989697,14.8129293333514
8,"Standard_Care_All_Areas","65 to 69",88645.3926945771,29.1823510425087
8,"Standard_Care_All_Areas","70-74",70785.6908229058,23.3028792088243
8,"Standard_Care_All_Areas","75-79",56593.6503805011,18.6308134238975
8,"Standard_Care_All_Areas","80-84",42742.3345150832,14.0709152758009
8,"Standard_Care_All_Areas","85+",44996.643309306,14.8130410489687
9,"AI_BrainMorphometry_All_Areas","65 to 69",90056.6835261965,29.3735560721319
9,"AI_BrainMorphometry_All_Areas","70-74",72074.1133577677,23.5082275647842
9,"AI_BrainMorphometry_All_Areas","75-79",56805.9444957668,18.5282483269711
9,"AI_BrainMorphometry_All_Areas","80-84",42415.1231465571,13.8344312633871
9,"AI_BrainMorphometry_All_Areas","85+",45239.14987131,14.7555367727256
9,"Standard_Care_All_Areas","65 to 69",90056.477976609,29.3734858945229
9,"Standard_Care_All_Areas","70-74",72073.9907205797,23.5081850563021
9,"Standard_Care_All_Areas","75-79",56805.9119515374,18.528235735217
9,"Standard_Care_All_Areas","80-84",42415.1392369901,13.8344350354847
9,"Standard_Care_All_Areas","85+",45239.5272238863,14.7556582784734
10,"AI_BrainMorphometry_All_Areas","65 to 69",91315.9762901837,29.5093723162697
10,"AI_BrainMorphometry_All_Areas","70-74",73341.1649472779,23.7006910560822
10,"AI_BrainMorphometry_All_Areas","75-79",57207.3798650971,18.4869498225897
10,"AI_BrainMorphometry_All_Areas","80-84",42201.7432289824,13.6377773521491
10,"AI_BrainMorphometry_All_Areas","85+",45381.104834755,14.6652094529094
10,"Standard_Care_All_Areas","65 to 69",91315.7981723226,29.5093096012958
10,"Standard_Care_All_Areas","70-74",73341.0310152069,23.700643634761
10,"Standard_Care_All_Areas","75-79",57207.3336949158,18.4869316728984
10,"Standard_Care_All_Areas","80-84",42201.7549437085,13.6377787554549
10,"Standard_Care_All_Areas","85+",45381.5053975761,14.6653363355898
11,"AI_BrainMorphometry_All_Areas","65 to 69",92451.3686253864,29.6003581465051
11,"AI_BrainMorphometry_All_Areas","70-74",74562.9082734885,23.8729704292795
11,"AI_BrainMorphometry_All_Areas","75-79",57750.7567194585,18.4901868684533
11,"AI_BrainMorphometry_All_Areas","80-84",42110.900553551,13.482739701862
11,"AI_BrainMorphometry_All_Areas","85+",45455.9915697034,14.5537448539001
11,"Standard_Care_All_Areas","65 to 69",92451.2082964595,29.6002994885154
11,"Standard_Care_All_Areas","70-74",74562.7708827838,23.8729205328134
11,"Standard_Care_All_Areas","75-79",57750.6983840373,18.490163615351
11,"Standard_Care_All_Areas","80-84",42110.9068208173,13.4827383719213
11,"Standard_Care_All_Areas","85+",45456.4186496197,14.5538779913989
12,"AI_BrainMorphometry_All_Areas","65 to 69",93486.892863314,29.6554474397815
12,"AI_BrainMorphometry_All_Areas","70-74",75726.0299994522,24.0214348096419
12,"AI_BrainMorphometry_All_Areas","75-79",58394.9088308425,18.5237427038657
12,"AI_BrainMorphometry_All_Areas","80-84",42139.6367733664,13.3673261051812
12,"AI_BrainMorphometry_All_Areas","85+",45496.1071126848,14.4320489415297
12,"Standard_Care_All_Areas","65 to 69",93486.7433517498,29.6553904021085
12,"Standard_Care_All_Areas","70-74",75725.8933857791,24.0213836891741
12,"Standard_Care_All_Areas","75-79",58394.8408007446,18.5237151207561
12,"Standard_Care_All_Areas","80-84",42139.6365936846,13.3673217162645
12,"Standard_Care_All_Areas","85+",45496.5636080014,14.4321890716968
13,"AI_BrainMorphometry_All_Areas","65 to 69",94444.1959920595,29.6825119982342
13,"AI_BrainMorphometry_All_Areas","70-74",76824.8186107879,24.1449839900019
13,"AI_BrainMorphometry_All_Areas","75-79",59105.5288971996,18.5760549097226
13,"AI_BrainMorphometry_All_Areas","80-84",42277.5450160402,13.2872509952862
13,"AI_BrainMorphometry_All_Areas","85+",45529.1893948864,14.3091981067552
13,"Standard_Care_All_Areas","65 to 69",94444.1015709153,29.6824698671403
13,"Standard_Care_All_Areas","70-74",76824.6846839995,24.1449317665765
13,"Standard_Care_All_Areas","75-79",59105.4536073704,18.5760234520004
13,"Standard_Care_All_Areas","80-84",42277.5381804461,13.2872432711501
13,"Standard_Care_All_Areas","85+",45529.6333884942,14.3093316431326
14,"AI_BrainMorphometry_All_Areas","65 to 69",95343.0804847435,29.6885529825036
14,"AI_BrainMorphometry_All_Areas","70-74",77859.0054499203,24.2442471620673
14,"AI_BrainMorphometry_All_Areas","75-79",59855.1221620148,18.6380800425842
14,"AI_BrainMorphometry_All_Areas","80-84",42510.0688290535,13.2370637103883
14,"AI_BrainMorphometry_All_Areas","85+",45576.9719736073,14.1920561024567
14,"Standard_Care_All_Areas","65 to 69",95343.028287311,29.6885214116705
14,"Standard_Care_All_Areas","70-74",77858.8842884877,24.2441969256727
14,"Standard_Care_All_Areas","75-79",59855.0416983192,18.6380453713099
14,"Standard_Care_All_Areas","80-84",42510.0553893609,13.2370526960313
14,"Standard_Care_All_Areas","85+",45577.4049244152,14.1921835953155
15,"AI_BrainMorphometry_All_Areas","65 to 69",96201.2587015404,29.6796538608522
15,"AI_BrainMorphometry_All_Areas","70-74",78832.1882262711,24.3210129600083
15,"AI_BrainMorphometry_All_Areas","75-79",60622.5141096812,18.7030321560767
15,"AI_BrainMorphometry_All_Areas","80-84",42820.9344895508,13.2109551455146
15,"AI_BrainMorphometry_All_Areas","85+",45655.1147469406,14.0853458775482
15,"Standard_Care_All_Areas","65 to 69",96201.2138735878,29.679622117387
15,"Standard_Care_All_Areas","70-74",78832.0851355548,24.3209664757808
15,"Standard_Care_All_Areas","75-79",60622.432664271,18.7029957405381
15,"Standard_Care_All_Areas","80-84",42820.9151108794,13.210941193337
15,"Standard_Care_All_Areas","85+",45655.5591214921,14.0854744729571
16,"AI_BrainMorphometry_All_Areas","65 to 69",97034.0710444087,29.6609318214698
16,"AI_BrainMorphometry_All_Areas","70-74",79750.55812576,24.3777865015036
16,"AI_BrainMorphometry_All_Areas","75-79",61392.1478219782,18.7660714563641
16,"AI_BrainMorphometry_All_Areas","80-84",43193.8552263881,13.2033004612369
16,"AI_BrainMorphometry_All_Areas","85+",45773.7462132025,13.9919097594256
16,"Standard_Care_All_Areas","65 to 69",97034.0675714212,29.6609099452137
16,"Standard_Care_All_Areas","70-74",79750.470488787,24.3777426058662
16,"Standard_Care_All_Areas","75-79",61392.0684894545,18.7660340372293
16,"Standard_Care_All_Areas","80-84",43193.8310307366,13.2032837997692
16,"Standard_Care_All_Areas","85+",45774.1704260703,13.9920296119217
17,"AI_BrainMorphometry_All_Areas","65 to 69",97854.518616704,29.6365892779958
17,"AI_BrainMorphometry_All_Areas","70-74",80621.857572463,24.4174404358706
17,"AI_BrainMorphometry_All_Areas","75-79",62153.2794443944,18.8239770754907
17,"AI_BrainMorphometry_All_Areas","80-84",43613.6514437405,13.2089952822185
17,"AI_BrainMorphometry_All_Areas","85+",45938.1375512062,13.9129979284244
17,"Standard_Care_All_Areas","65 to 69",97854.5488251402,29.6365747624738
17,"Standard_Care_All_Areas","70-74",80621.7899026888,24.4174004440521
17,"Standard_Care_All_Areas","75-79",62153.2046758852,18.8239394000555
17,"Standard_Care_All_Areas","80-84",43613.6231621825,13.2089761694993
17,"Standard_Care_All_Areas","85+",45938.5417098004,13.9131092239193
18,"AI_BrainMorphometry_All_Areas","65 to 69",98673.0737722112,29.6099012982722
18,"AI_BrainMorphometry_All_Areas","70-74",81454.5781374565,24.4429602396934
18,"AI_BrainMorphometry_All_Areas","75-79",62899.1580805715,18.8748337445089
18,"AI_BrainMorphometry_All_Areas","80-84",44066.9164777496,13.2236384004573
18,"AI_BrainMorphometry_All_Areas","85+",46149.7814324203,13.8486663170682
18,"Standard_Care_All_Areas","65 to 69",98673.1254244098,29.6098904114966
18,"Standard_Care_All_Areas","70-74",81454.5324011815,24.4429247329997
18,"Standard_Care_All_Areas","75-79",62899.0908329146,18.8747967446529
18,"Standard_Care_All_Areas","80-84",44066.8864268667,13.2236175986436
18,"Standard_Care_All_Areas","85+",46150.1697822671,13.8487705122072
19,"AI_BrainMorphometry_All_Areas","65 to 69",99497.8001040135,29.5832956350428
19,"AI_BrainMorphometry_All_Areas","70-74",82257.3019483126,24.4572450761126
19,"AI_BrainMorphometry_All_Areas","75-79",63626.2361800115,18.917742433407
19,"AI_BrainMorphometry_All_Areas","80-84",44542.3517885298,13.2436049828503
19,"AI_BrainMorphometry_All_Areas","85+",46407.3304694716,13.7981118725873
19,"Standard_Care_All_Areas","65 to 69",99497.8651578451,29.5832859917575
19,"Standard_Care_All_Areas","70-74",82257.277387254,24.4572138104673
19,"Standard_Care_All_Areas","75-79",63626.1789029572,18.9177068680101
19,"Standard_Care_All_Areas","80-84",44542.321976397,13.2435831429575
19,"Standard_Care_All_Areas","85+",46407.7066005815,13.7982101868075
20,"AI_BrainMorphometry_All_Areas","65 to 69",100334.567106057,29.5584569319117
20,"AI_BrainMorphometry_All_Areas","70-74",83038.2149415327,24.4629699499041
20,"AI_BrainMorphometry_All_Areas","75-79",64333.4347732266,18.9525615734836
20,"AI_BrainMorphometry_All_Areas","80-84",45030.852889955,13.2660414465936
20,"AI_BrainMorphometry_All_Areas","85+",46707.4667113405,13.759970098107
20,"Standard_Care_All_Areas","65 to 69",100334.637318273,29.5584461659346
20,"Standard_Care_All_Areas","70-74",83038.2093410759,24.4629422712508
20,"Standard_Care_All_Areas","75-79",64333.3891190865,18.9525279581822
20,"Standard_Care_All_Areas","80-84",45030.8247347296,13.2660190369446
20,"Standard_Care_All_Areas","85+",46707.8370806273,13.7600645676877
21,"AI_BrainMorphometry_All_Areas","65 to 69",101187.328050196,29.536443945815
21,"AI_BrainMorphometry_All_Areas","70-74",83804.7708001267,24.4624990384357
21,"AI_BrainMorphometry_All_Areas","75-79",65021.4864015337,18.9796837744323
21,"AI_BrainMorphometry_All_Areas","80-84",45525.4270228129,13.2888104595622
21,"AI_BrainMorphometry_All_Areas","85+",47045.6544368211,13.7325627817549
21,"Standard_Care_All_Areas","65 to 69",101187.389325014,29.5364280794332
21,"Standard_Care_All_Areas","70-74",83804.7808860682,24.4624740282938
21,"Standard_Care_All_Areas","75-79",65021.4531652828,18.9796523840333
21,"Standard_Care_All_Areas","80-84",45525.4023512071,13.2887880723421
21,"Standard_Care_All_Areas","85+",47046.0324686587,13.7326574358976
22,"AI_BrainMorphometry_All_Areas","65 to 69",102058.407124681,29.5178032152454
22,"AI_BrainMorphometry_All_Areas","70-74",84563.485075182,24.4578411712338
22,"AI_BrainMorphometry_All_Areas","75-79",65692.367417244,18.9998494861564
22,"AI_BrainMorphometry_All_Areas","80-84",46021.0050884013,13.3104073465274
22,"AI_BrainMorphometry_All_Areas","85+",47416.7764625475,13.714098780837
22,"Standard_Care_All_Areas","65 to 69",102058.463321481,29.5177834239628
22,"Standard_Care_All_Areas","70-74",84563.5055242628,24.457817219661
22,"Standard_Care_All_Areas","75-79",65692.3459517578,18.9998200767333
22,"Standard_Care_All_Areas","80-84",46020.9850324714,13.31038529227
22,"Standard_Care_All_Areas","85+",47417.1635431043,13.7141939873729
23,"AI_BrainMorphometry_All_Areas","65 to 69",102948.856322042,29.5026959924529
23,"AI_BrainMorphometry_All_Areas","70-74",85319.831282404,24.4506363099169
23,"AI_BrainMorphometry_All_Areas","75-79",66348.8210511848,19.0139955591878
23,"AI_BrainMorphometry_All_Areas","80-84",46514.1868505905,13.3298606999222
23,"AI_BrainMorphometry_All_Areas","85+",47815.5883229493,13.7028114385203
23,"Standard_Care_All_Areas","65 to 69",102948.922483127,29.5026764952283
23,"Standard_Care_All_Areas","70-74",85319.8587071004,24.4506122972459
23,"Standard_Care_All_Areas","75-79",66348.810813948,19.0139678402931
23,"Standard_Care_All_Areas","80-84",46514.1724515722,13.3298391977527
23,"Standard_Care_All_Areas","85+",47815.9742342595,13.7029041694801
24,"AI_BrainMorphometry_All_Areas","65 to 69",103858.783082102,29.4910097926693
24,"AI_BrainMorphometry_All_Areas","70-74",86078.2300570864,24.4421689742159
24,"AI_BrainMorphometry_All_Areas","75-79",66993.977772197,19.0231388804921
24,"AI_BrainMorphometry_All_Areas","80-84",47002.9605883963,13.346630201714
24,"AI_BrainMorphometry_All_Areas","85+",48237.0450590364,13.6970521509088
24,"Standard_Care_All_Areas","65 to 69",103858.863721685,29.4909917843252
24,"Standard_Care_All_Areas","70-74",86078.2647960111,24.4421449353687
24,"Standard_Care_All_Areas","75-79",66993.9774843678,19.0231124122942
24,"Standard_Care_All_Areas","80-84",47002.95278984,13.3466094745535
24,"Standard_Care_All_Areas","85+",48237.4262542079,13.6971413934583
25,"AI_BrainMorphometry_All_Areas","65 to 69",104787.615490393,29.4824464540147
25,"AI_BrainMorphometry_All_Areas","70-74",86842.1047386223,24.4333997956571
25,"AI_BrainMorphometry_All_Areas","75-79",67631.0591637366,19.0282894700086
25,"AI_BrainMorphometry_All_Areas","80-84",47486.4204646178,13.3605087021879
25,"AI_BrainMorphometry_All_Areas","85+",48676.5457732241,13.6953555781317
25,"Standard_Care_All_Areas","65 to 69",104787.700677063,29.4824271715317
25,"Standard_Care_All_Areas","70-74",86842.1479482686,24.4333761096128
25,"Standard_Care_All_Areas","75-79",67631.0678499933,19.0282639998493
25,"Standard_Care_All_Areas","80-84",47486.4196395666,13.3604888704917
25,"Standard_Care_All_Areas","85+",48676.9309150846,13.6954438485145
26,"AI_BrainMorphometry_All_Areas","65 to 69",105734.317505159,29.4765914098833
26,"AI_BrainMorphometry_All_Areas","70-74",87613.9760773341,24.4250063325076
26,"AI_BrainMorphometry_All_Areas","75-79",68263.1646242855,19.0303910731489
26,"AI_BrainMorphometry_All_Areas","80-84",47964.4988200957,13.3715331716291
26,"AI_BrainMorphometry_All_Areas","85+",49130.0956332949,13.6964780128312
26,"Standard_Care_All_Areas","65 to 69",105734.407391664,29.4765709142665
26,"Standard_Care_All_Areas","70-74",87614.0267386862,24.4249827086177
26,"Standard_Care_All_Areas","75-79",68263.1813174871,19.0303663166602
26,"Standard_Care_All_Areas","80-84",47964.5047424388,13.3715141578373
26,"Standard_Care_All_Areas","85+",49130.4868271936,13.6965659026183
27,"AI_BrainMorphometry_All_Areas","65 to 69",106697.621580892,29.472983363466
27,"AI_BrainMorphometry_All_Areas","70-74",88395.5776910319,24.4174270437376
27,"AI_BrainMorphometry_All_Areas","75-79",68893.1251173054,19.0302829655873
27,"AI_BrainMorphometry_All_Areas","80-84",48437.7255218577,13.3799072305236
27,"AI_BrainMorphometry_All_Areas","85+",49594.3459366566,13.6993993966856
27,"Standard_Care_All_Areas","65 to 69",106697.718430956,29.4729622568856
27,"Standard_Care_All_Areas","70-74",88395.6349758417,24.4174032175045
27,"Standard_Care_All_Areas","75-79",68893.149537437,19.030258809037
27,"Standard_Care_All_Areas","80-84",48437.7381828751,13.3798890010622
27,"Standard_Care_All_Areas","85+",49594.7425806749,13.6994867155107
28,"AI_BrainMorphometry_All_Areas","65 to 69",107676.181790171,29.4711584564207
28,"AI_BrainMorphometry_All_Areas","70-74",89187.9906215905,24.4109083394206
28,"AI_BrainMorphometry_All_Areas","75-79",69523.4175400683,19.0286804443718
28,"AI_BrainMorphometry_All_Areas","80-84",48907.0233594861,13.3859374570696
28,"AI_BrainMorphometry_All_Areas","85+",50066.5989036465,13.7033153027173
28,"Standard_Care_All_Areas","65 to 69",107676.285327223,29.4711366483923
28,"Standard_Care_All_Areas","70-74",89188.0542787654,24.4108842264192
28,"Standard_Care_All_Areas","75-79",69523.449190042,19.0286567290158
28,"Standard_Care_All_Areas","80-84",48907.0425579477,13.3859199350519
28,"Standard_Care_All_Areas","85+",50067.0025374779,13.7034024611208
29,"AI_BrainMorphometry_All_Areas","65 to 69",108668.682442144,29.4706799783856
29,"AI_BrainMorphometry_All_Areas","70-74",89991.77734557,24.4055491539564
29,"AI_BrainMorphometry_All_Areas","75-79",70156.1229772577,19.0261683708902
29,"AI_BrainMorphometry_All_Areas","80-84",49373.5369428334,13.3899820439797
29,"AI_BrainMorphometry_All_Areas","85+",50544.7806129337,13.7076204527882
29,"Standard_Care_All_Areas","65 to 69",108668.792135257,29.4706572910425
29,"Standard_Care_All_Areas","70-74",89991.8471989631,24.4055246743471
29,"Standard_Care_All_Areas","75-79",70156.1613552964,19.0261449265361
29,"Standard_Care_All_Areas","80-84",49373.5636823545,13.3899654714948
29,"Standard_Care_All_Areas","85+",50545.1920226805,13.7077076365797
30,"AI_BrainMorphometry_All_Areas","65 to 69",109673.931149908,29.4711619142062
30,"AI_BrainMorphometry_All_Areas","70-74",90807.1069550378,24.4013406282904
30,"AI_BrainMorphometry_All_Areas","75-79",70792.9223841755,19.0232050231896
30,"AI_BrainMorphometry_All_Areas","80-84",49838.5036104867,13.3924132568822
30,"AI_BrainMorphometry_All_Areas","85+",51027.3635365756,13.7118791774316
30,"Standard_Care_All_Areas","65 to 69",109674.03474659,29.4711351338369
30,"Standard_Care_All_Areas","70-74",90807.182742827,24.4013157710522
30,"Standard_Care_All_Areas","75-79",70792.9664958761,19.0231816213001
30,"Standard_Care_All_Areas","80-84",49838.5374341688,13.3923975258953
30,"Standard_Care_All_Areas","85+",51027.7958986806,13.7119699479154
31,"AI_BrainMorphometry_All_Areas","65 to 69",110690.855786639,29.4722662090914
31,"AI_BrainMorphometry_All_Areas","70-74",91633.869653854,24.3982014685404
31,"AI_BrainMorphometry_All_Areas","75-79",71435.1151736731,19.02013238685
31,"AI_BrainMorphometry_All_Areas","80-84",50303.1479139595,13.3935884399809
31,"AI_BrainMorphometry_All_Areas","85+",51513.3414403307,13.7158114955373
31,"Standard_Care_All_Areas","65 to 69",110690.969599475,29.472239549524
31,"Standard_Care_All_Areas","70-74",91633.9488967931,24.398175411483
31,"Standard_Care_All_Areas","75-79",71435.165077933,19.0201089127204
31,"Standard_Care_All_Areas","80-84",50303.1902754652,13.3935738323393
31,"Standard_Care_All_Areas","85+",51513.7820217554,13.7159022939333
32,"AI_BrainMorphometry_All_Areas","65 to 69",111718.628370328,29.4737322539499
32,"AI_BrainMorphometry_All_Areas","70-74",92471.7650841967,24.3960034678123
32,"AI_BrainMorphometry_All_Areas","75-79",72083.6602481414,19.0171910721622
32,"AI_BrainMorphometry_All_Areas","80-84",50768.6182158934,13.3938330789215
32,"AI_BrainMorphometry_All_Areas","85+",52002.0564780496,13.719240127154
32,"Standard_Care_All_Areas","65 to 69",111718.737739773,29.4737018664982
32,"Standard_Care_All_Areas","70-74",92471.8490832927,24.3959765932309
32,"Standard_Care_All_Areas","75-79",72083.7151621219,19.0171673355883
32,"Standard_Care_All_Areas","80-84",50768.6696568118,13.3938197288717
32,"Standard_Care_All_Areas","85+",52002.5186252397,13.7193344758109
33,"AI_BrainMorphometry_All_Areas","65 to 69",112756.544480266,29.4753425753007
33,"AI_BrainMorphometry_All_Areas","70-74",93320.3944669306,24.3945981925367
33,"AI_BrainMorphometry_All_Areas","75-79",72739.220100333,19.0145365042892
33,"AI_BrainMorphometry_All_Areas","80-84",51235.9417322228,13.3934304362238
33,"AI_BrainMorphometry_All_Areas","85+",52493.2222888647,13.7220922916496
33,"Standard_Care_All_Areas","65 to 69",112756.670015763,29.4753137327601
33,"Standard_Care_All_Areas","70-74",93320.4813412158,24.3945698719197
33,"Standard_Care_All_Areas","75-79",72739.2797561074,19.0145123229211
33,"Standard_Care_All_Areas","80-84",51235.9998002087,13.3934175983706
33,"Standard_Care_All_Areas","85+",52493.6923886617,13.7221864740286
34,"AI_BrainMorphometry_All_Areas","65 to 69",113804.139147751,29.4769499522898
34,"AI_BrainMorphometry_All_Areas","70-74",94179.3081667815,24.3938293823328
34,"AI_BrainMorphometry_All_Areas","75-79",73402.2142306061,19.0122557181664
34,"AI_BrainMorphometry_All_Areas","80-84",51705.995076458,13.3926150710856
34,"AI_BrainMorphometry_All_Areas","85+",52986.7515310438,13.7243498761254
34,"Standard_Care_All_Areas","65 to 69",113804.278688291,29.4769220212381
34,"Standard_Care_All_Areas","70-74",94179.4004365204,24.3938002566497
34,"Standard_Care_All_Areas","75-79",73402.2782021829,19.0122309607818
34,"Standard_Care_All_Areas","80-84",51706.0581195855,13.3926022886294
34,"Standard_Care_All_Areas","85+",52987.2319263152,13.7244444727011
35,"AI_BrainMorphometry_All_Areas","65 to 69",114861.089971508,29.4784496553773
35,"AI_BrainMorphometry_All_Areas","70-74",95048.0648940826,24.3935487336597
35,"AI_BrainMorphometry_All_Areas","75-79",74072.8689487903,19.0103832261902
35,"AI_BrainMorphometry_All_Areas","80-84",52179.4996041702,13.3915737044274
35,"AI_BrainMorphometry_All_Areas","85+",53482.7465966987,13.7260446803454
35,"Standard_Care_All_Areas","65 to 69",114861.240040098,29.4784216858563
35,"Standard_Care_All_Areas","70-74",95048.1641034745,24.3935191795819
35,"Standard_Care_All_Areas","75-79",74072.9372830169,19.0103578890188
35,"Standard_Care_All_Areas","80-84",52179.567658916,13.3915609678097
35,"Standard_Care_All_Areas","85+",53483.2397089032,13.7261402777333
36,"AI_BrainMorphometry_All_Areas","65 to 69",115927.20320946,29.4797737641349
36,"AI_BrainMorphometry_All_Areas","70-74",95926.2585907875,24.3936222302097
36,"AI_BrainMorphometry_All_Areas","75-79",74751.2660201309,19.0089155077305
36,"AI_BrainMorphometry_All_Areas","80-84",52657.028666567,13.3904489128165
36,"AI_BrainMorphometry_All_Areas","85+",53981.4350551037,13.7272395851084
36,"Standard_Care_All_Areas","65 to 69",115927.371780488,29.4797476763499
36,"Standard_Care_All_Areas","70-74",95926.365249747,24.3935922952399
36,"Standard_Care_All_Areas","75-79",74751.3389988998,19.0088896031348
36,"Standard_Care_All_Areas","80-84",52657.1012961087,13.3904360612664
36,"Standard_Care_All_Areas","85+",53981.9340329096,13.727334364009
37,"AI_BrainMorphometry_All_Areas","65 to 69",117002.42067176,29.4808908846578
37,"AI_BrainMorphometry_All_Areas","70-74",96813.5363369935,24.3939337709587
37,"AI_BrainMorphometry_All_Areas","75-79",75437.385155178,19.0078231511366
37,"AI_BrainMorphometry_All_Areas","80-84",53139.0185616723,13.3893435617831
37,"AI_BrainMorphometry_All_Areas","85+",54483.0971074883,13.7280086314638
37,"Standard_Care_All_Areas","65 to 69",117002.608242946,29.4808667379946
37,"Standard_Care_All_Areas","70-74",96813.6522927967,24.3939039011514
37,"Standard_Care_All_Areas","75-79",75437.4630620043,19.0077967404408
37,"Standard_Care_All_Areas","80-84",53139.0939827405,13.3893301338211
37,"Standard_Care_All_Areas","85+",54483.6015654738,13.728102486592
38,"AI_BrainMorphometry_All_Areas","65 to 69",118086.774462205,29.481793288008
38,"AI_BrainMorphometry_All_Areas","70-74",97709.6130314399,24.3943881672045
38,"AI_BrainMorphometry_All_Areas","75-79",76131.1396718914,19.0070609753638
38,"AI_BrainMorphometry_All_Areas","80-84",53625.7806091662,13.3883255430397
38,"AI_BrainMorphometry_All_Areas","85+",54988.0477277055,13.7284320263841
38,"Standard_Care_All_Areas","65 to 69",118086.975619681,29.48176967311
38,"Standard_Care_All_Areas","70-74",97709.7398958239,24.39435874542
38,"Standard_Care_All_Areas","75-79",76131.2230501007,19.0070341891384
38,"Standard_Care_All_Areas","80-84",53625.8598891369,13.3883118055782
38,"Standard_Care_All_Areas","85+",54988.5601927001,13.7285255867535
39,"AI_BrainMorphometry_All_Areas","65 to 69",119180.353910927,29.482487544343
39,"AI_BrainMorphometry_All_Areas","70-74",98614.2743416634,24.3949109023911
39,"AI_BrainMorphometry_All_Areas","75-79",76832.406355883,19.0065760761391
39,"AI_BrainMorphometry_All_Areas","80-84",54117.5275348107,13.3874357569717
39,"AI_BrainMorphometry_All_Areas","85+",55496.6123223192,13.7285897201551
39,"Standard_Care_All_Areas","65 to 69",119180.568804132,29.4824644310784
39,"Standard_Care_All_Areas","70-74",98614.4123004697,24.3948819192033
39,"Standard_Care_All_Areas","75-79",76832.4958640352,19.0065490473129
39,"Standard_Care_All_Areas","80-84",54117.6119419473,13.3874220032925
39,"Standard_Care_All_Areas","85+",55497.1313513704,13.7286825991128
40,"AI_BrainMorphometry_All_Areas","65 to 69",120283.346441535,29.4830033884445
40,"AI_BrainMorphometry_All_Areas","70-74",99527.372010912,24.3954456959424
40,"AI_BrainMorphometry_All_Areas","75-79",77541.0482938265,19.0063134858127
40,"AI_BrainMorphometry_All_Areas","80-84",54614.3946835458,13.3866942610836
40,"AI_BrainMorphometry_All_Areas","85+",56009.0534991946,13.7285431687168
40,"Standard_Care_All_Areas","65 to 69",120283.530839733,29.4829702245722
40,"Standard_Care_All_Areas","70-74",99527.5212652583,24.3954174399725
40,"Standard_Care_All_Areas","75-79",77541.1446525615,19.0062865881182
40,"Standard_Care_All_Areas","80-84",54614.4818337584,13.3866800425121
40,"Standard_Care_All_Areas","85+",56009.6206876679,13.7286457048251
41,"AI_BrainMorphometry_All_Areas","65 to 69",121395.821035164,29.4833415195887
41,"AI_BrainMorphometry_All_Areas","70-74",100448.828275368,24.3959560059925
41,"AI_BrainMorphometry_All_Areas","75-79",78256.9311803153,19.0062212075311
41,"AI_BrainMorphometry_All_Areas","80-84",55116.4499230821,13.3861042544358
41,"AI_BrainMorphometry_All_Areas","85+",56525.7366706417,13.7283770124519
41,"Standard_Care_All_Areas","65 to 69",121396.035507788,29.4833127401943
41,"Standard_Care_All_Areas","70-74",100448.98035979,24.3959260283365
41,"Standard_Care_All_Areas","75-79",78257.0357252833,19.0061944672078
41,"Standard_Care_All_Areas","80-84",55116.5391220382,13.3860892021301
41,"Standard_Care_All_Areas","85+",56526.3057203321,13.7284775621314
42,"AI_BrainMorphometry_All_Areas","65 to 69",122518.043946071,29.4835486106601
42,"AI_BrainMorphometry_All_Areas","70-74",101378.596945692,24.3964129270989
42,"AI_BrainMorphometry_All_Areas","75-79",78979.93859456,19.0062523349184
42,"AI_BrainMorphometry_All_Areas","80-84",55623.7140921401,13.3856567205965
42,"AI_BrainMorphometry_All_Areas","85+",57046.8495553647,13.728129406726
42,"Standard_Care_All_Areas","65 to 69",122518.273227017,29.4835204181093
42,"Standard_Care_All_Areas","70-74",101378.757072195,24.3963824772669
42,"Standard_Care_All_Areas","75-79",78980.0501943605,19.0062254486234
42,"Standard_Care_All_Areas","80-84",55623.808500314,13.3856415900773
42,"Standard_Care_All_Areas","85+",57047.4291498449,13.728230065923
43,"AI_BrainMorphometry_All_Areas","65 to 69",123650.180284913,29.4836457025685
43,"AI_BrainMorphometry_All_Areas","70-74",102316.694667073,24.396803693055
43,"AI_BrainMorphometry_All_Areas","75-79",79709.9733118598,19.0063662396036
43,"AI_BrainMorphometry_All_Areas","80-84",56136.1853737863,13.3853375453297
43,"AI_BrainMorphometry_All_Areas","85+",57572.6201322495,13.7278468194431
43,"Standard_Care_All_Areas","65 to 69",123650.440173852,29.483621712513
43,"Standard_Care_All_Areas","70-74",102316.863889785,24.3967729148047
43,"Standard_Care_All_Areas","75-79",79710.0911945806,19.006338935362
43,"Standard_Care_All_Areas","80-84",56136.284710056,13.3853222067803
43,"Standard_Care_All_Areas","85+",57573.1965136414,13.7279442305401
44,"AI_BrainMorphometry_All_Areas","65 to 69",124792.447825635,29.483664933025
44,"AI_BrainMorphometry_All_Areas","70-74",103263.167047556,24.3971223435503
44,"AI_BrainMorphometry_All_Areas","75-79",80446.9627742986,19.0065291341271
44,"AI_BrainMorphometry_All_Areas","80-84",56653.841685511,13.3851279827298
44,"AI_BrainMorphometry_All_Areas","85+",58103.1995410876,13.7275556065679
44,"Standard_Care_All_Areas","65 to 69",124792.730353915,29.4836432074755
44,"Standard_Care_All_Areas","70-74",103263.349230555,24.3970921742646
44,"Standard_Care_All_Areas","75-79",80447.0875551017,19.0065015792865
44,"Standard_Care_All_Areas","80-84",56653.9448666652,13.3851121936955
44,"Standard_Care_All_Areas","85+",58103.7770085728,13.727650845278
45,"AI_BrainMorphometry_All_Areas","65 to 69",125945.041633881,29.4836317565033
45,"AI_BrainMorphometry_All_Areas","70-74",104218.092209261,24.3973705768862
45,"AI_BrainMorphometry_All_Areas","75-79",81190.8621041064,19.0067147480822
45,"AI_BrainMorphometry_All_Areas","80-84",57176.6499900863,13.3850072341767
45,"AI_BrainMorphometry_All_Areas","85+",58638.7159446218,13.7272756843516
45,"Standard_Care_All_Areas","65 to 69",125945.330247175,29.4836084453442
45,"Standard_Care_All_Areas","70-74",104218.288849548,24.3973414119716
45,"Standard_Care_All_Areas","75-79",81190.9947581964,19.0066872192932
45,"Standard_Care_All_Areas","80-84",57176.7582018901,13.3849913108347
45,"Standard_Care_All_Areas","85+",58639.3064598614,13.7273716125562
46,"AI_BrainMorphometry_All_Areas","65 to 69",127108.108907532,29.4835595040251
46,"AI_BrainMorphometry_All_Areas","70-74",105181.56908417,24.3975547860274
46,"AI_BrainMorphometry_All_Areas","75-79",81941.6524795432,19.0069037097884
46,"AI_BrainMorphometry_All_Areas","80-84",57704.5804507647,13.3849558930391
46,"AI_BrainMorphometry_All_Areas","85+",59179.2971660068,13.72702610712
46,"Standard_Care_All_Areas","65 to 69",127108.415597937,29.4835373224091
46,"Standard_Care_All_Areas","70-74",105181.77812671,24.3975260524492
46,"Standard_Care_All_Areas","75-79",81941.7939412475,19.0068763627256
46,"Standard_Care_All_Areas","80-84",57704.6933859807,13.3849397234666
46,"Standard_Care_All_Areas","85+",59179.8915899279,13.7271205389494
47,"AI_BrainMorphometry_All_Areas","65 to 69",128281.832517487,29.4834686775945
47,"AI_BrainMorphometry_All_Areas","70-74",106153.703283381,24.3976822309551
47,"AI_BrainMorphometry_All_Areas","75-79",82699.3396072846,19.0070826173828
47,"AI_BrainMorphometry_All_Areas","80-84",58237.6056120728,13.3849555094841
47,"AI_BrainMorphometry_All_Areas","85+",59725.0101205381,13.7268109645835
47,"Standard_Care_All_Areas","65 to 69",128282.149912261,29.4834459144432
47,"Standard_Care_All_Areas","70-74",106153.925464631,24.3976540943764
47,"Standard_Care_All_Areas","75-79",82699.4895951781,19.0070553876682
47,"Standard_Care_All_Areas","80-84",58237.7236958841,13.3849391980277
47,"Standard_Care_All_Areas","85+",59725.6149151528,13.7269054054844
48,"AI_BrainMorphometry_All_Areas","65 to 69",129466.35261118,29.4833691932974
48,"AI_BrainMorphometry_All_Areas","70-74",107134.612434149,24.3977625697326
48,"AI_BrainMorphometry_All_Areas","75-79",83463.9471584915,19.0072425674497
48,"AI_BrainMorphometry_All_Areas","80-84",58775.707112166,13.3849902884764
48,"AI_BrainMorphometry_All_Areas","85+",60275.9272441404,13.7266353810439
48,"Standard_Care_All_Areas","65 to 69",129466.684247422,29.4833466092551
48,"Standard_Care_All_Areas","70-74",107134.846885258,24.3977347763923
48,"Standard_Care_All_Areas","75-79",83464.106499034,19.007215606449
48,"Standard_Care_All_Areas","80-84",58775.8303514847,13.3849738144824
48,"Standard_Care_All_Areas","85+",60276.5397628456,13.7267291934212
49,"AI_BrainMorphometry_All_Areas","65 to 69",130661.811964258,29.4832708739574
49,"AI_BrainMorphometry_All_Areas","70-74",108124.41489969,24.397805025448
49,"AI_BrainMorphometry_All_Areas","75-79",84235.5173056862,19.0073789471926
49,"AI_BrainMorphometry_All_Areas","80-84",59318.8756709558,13.3850468859547
49,"AI_BrainMorphometry_All_Areas","85+",60832.0950282734,13.7264982674473
49,"Standard_Care_All_Areas","65 to 69",130662.157920007,29.4832484415051
49,"Standard_Care_All_Areas","70-74",108124.66181139,24.3977775783449
49,"Standard_Care_All_Areas","75-79",84235.6863168118,19.0073522958323
49,"Standard_Care_All_Areas","80-84",59319.0043607936,13.3850303003774
49,"Standard_Care_All_Areas","85+",60832.7150473334,13.7265913839403
50,"AI_BrainMorphometry_All_Areas","65 to 69",131868.336525935,29.4831792112267
50,"AI_BrainMorphometry_All_Areas","70-74",109123.230560842,24.397818668931
50,"AI_BrainMorphometry_All_Areas","75-79",85014.1050355311,19.0074900486188
50,"AI_BrainMorphometry_All_Areas","80-84",59867.1127026072,13.3851147225364
50,"AI_BrainMorphometry_All_Areas","85+",61393.555013094,13.726397348687
50,"Standard_Care_All_Areas","65 to 69",131868.699812502,29.4831575444117
50,"Standard_Care_All_Areas","70-74",109123.489947372,24.3977915190561
50,"Standard_Care_All_Areas","75-79",85014.2841760522,19.0074637685198
50,"Standard_Care_All_Areas","80-84",59867.2472068316,13.3850980836161
50,"Standard_Care_All_Areas","85+",61394.1795692413,13.7264890843964
